idGenerazione,id_immagine_baseline,prompt_text_to_image,data_ora,path_immagine_generata
1,1,"A full-body portrait of a young Italian man, embodying avant-garde style, standing confidently in a stark white studio. He wears a crisp white dress shirt with ruffled detailing down the front, paired with a sleek, black velvet vest buttoned halfway. The outfit is completed with high-waisted, wide-legged black trousers cinched with a black leather belt featuring a subtle, modern buckle. The lighting is dramatic, with strong contrasts highlighting the textures of the fabrics. The color palette is primarily black and white, with subtle hints of purple in the shadows. The overall aesthetic is inspired by Yves Saint Laurent, blending classic elegance with a bold, techno-infused edge. ",2025-04-04 21:26:26,Immagini Generate\immagine_adv_1.jpg
2,2,"A full-body portrait of a young man in a standing pose, showcasing an avant-garde ensemble. He wears a textured, oversized brown overshirt with a prominent pocket detail, layered over a dark green button-down shirt with a subtle, artistic pattern. A knitted blue scarf adds a pop of color. The lighting is soft and diffused, highlighting the textures of the fabrics. The color palette is muted with earthy tones contrasted by the vibrant blue. The background is a minimalist, textured gray wall, providing a stark and modern backdrop. The image is styled as a high-fashion editorial, emphasizing the unique and bold design of the outfit. ",2025-04-04 21:27:01,Immagini Generate\immagine_adv_2.jpg
3,3,"Full-body portrait of a young man with an avant-garde style, wearing a dark purple Yves Saint Laurent jumpsuit cinched at the waist with a black leather belt, paired with a black bomber jacket. He stands confidently on a minimalist white runway, under bright, diffused lighting that highlights the textures of the garments. The background is a blurred view of a fashion show audience, adding depth and context to the scene. The image is styled as a high-fashion editorial, emphasizing the audacity and originality of the outfit. ",2025-04-04 21:27:25,Immagini Generate\immagine_adv_3.jpg
4,4,"Full-body portrait of a young Italian man, embodying avant-garde style, wearing a tailored black military jacket with fur collar, silver buttons, and structured shoulders, paired with slim-fit dark purple trousers and high black leather riding boots. He holds a sleek black leather duffel bag. Standing pose against a minimalist grey background. Dramatic lighting with strong contrasts, emphasizing the textures and sharp lines of the outfit. Fashion editorial style, reminiscent of Yves Saint Laurent. ",2025-04-04 21:27:53,Immagini Generate\immagine_adv_4.jpg
5,5,"A full-body portrait of a woman in a dramatic, avant-garde black leather gown, featuring a strapless design with a subtle cutout at the midriff and matching long leather gloves, standing confidently against a backdrop of ancient Roman architecture, bathed in soft, diffused sunlight, creating a high-fashion editorial style image with a touch of romanticism, emphasizing the luxurious texture and bold silhouette of the dress. ",2025-04-04 21:29:19,Immagini Generate\immagine_adv_5.jpg
6,6,"A full-body portrait of a sophisticated woman in a pinstripe grey wool skirt suit, the oversized blazer draped elegantly over a dark burgundy silk cowl neck top. She wears sheer black stockings and pointed-toe black suede pumps. The style is a modern take on classic power dressing, with a nod to romanticism in the soft draping of the top. Soft, diffused lighting enhances the rich colors and textures. The background is a minimalist, light grey studio, ensuring the focus remains on the outfit. Fashion editorial style. ",2025-04-04 21:30:21,Immagini Generate\immagine_adv_6.jpg
7,7,"A full-body portrait of a woman in a sophisticated black slip dress with delicate spaghetti straps, the dress featuring a subtle lace panel that adds a touch of elegance, paired with a luxurious faux fur stole draped over her shoulders, enhancing the outfit's glamour. She is wearing elegant black pumps. The scene is set in a dimly lit, opulent ballroom with a rich, burgundy backdrop, reminiscent of a romantic painting, soft, diffused lighting accentuating the textures of the fabrics and creating a warm, inviting atmosphere. The model strikes a confident, poised standing pose, showcasing the entire outfit with grace and sophistication, in the style of a high-fashion editorial.",2025-04-04 21:30:45,Immagini Generate\immagine_adv_7.jpg
8,8,"A full-body portrait of a woman in a sophisticated fashion editorial, standing confidently on a runway. She wears a luxurious, high-necked, bordeaux-colored leather jacket cinched at the waist with a matching belt, paired with sleek black trousers. The lighting is dramatic, highlighting the glossy texture of the jacket and the flowing silhouette of the pants. The background is a deep, romantic gradient of burgundy and black, creating a sense of depth and elegance. The overall style is reminiscent of a Louis Vuitton campaign, blending comfort with high fashion. ",2025-04-04 21:31:12,Immagini Generate\immagine_adv_8.jpg
9,5,"A full-body portrait of a young Venezuelan woman with wet hair, standing confidently in an avant-garde fashion editorial. She is wearing a sleek, black strapless leather dress with a daring triangular cutout at the midriff, paired with matching long leather gloves. The dress has a form-fitting silhouette that extends into a draped, asymmetrical hemline. She is wearing black platform sandals. The lighting is dramatic, with strong directional light casting sharp shadows, enhancing the textures of the leather. The background is a minimalist architectural setting with textured stone walls, reminiscent of a modern art gallery. The overall mood is sophisticated, edgy, and seductive, capturing the essence of Yves Saint Laurent and Rick Owens. ",2025-04-04 21:32:38,Immagini Generate\immagine_adv_9.jpg
10,6,"A full-body portrait of a young woman with slicked-back hair, wearing an oversized, pinstriped gray suit with sharp, avant-garde tailoring. The suit is paired with a draped, dark brown top that reveals a hint of skin. She is wearing black sheer tights and black pointed-toe heels. The style is high fashion, editorial, with a touch of seductivity. The lighting is bright and diffused, creating a clean, modern look. The background is a minimalist white runway, emphasizing the bold silhouette and the interplay of textures and colors. ",2025-04-04 21:33:38,Immagini Generate\immagine_adv_10.jpg
11,7,"A full-body portrait of a young Venezuelan woman with dark hair, embodying avant-garde elegance, standing confidently on a dark blue runway. She wears a sleek, floor-length black slip dress with delicate spaghetti straps and a subtle V-neckline. The dress features a panel of intricate black lace at the mid-thigh, adding a touch of seductivity. A dramatic, oversized black faux fur stole is draped loosely over her shoulders, creating a bold silhouette. She completes the look with pointed black heels and dark, oversized sunglasses. The lighting is dramatic and focused, highlighting the textures of the fur and lace against the smooth fabric of the dress. The background is a deep burgundy, creating a striking contrast and emphasizing the dark tones of the outfit. The overall style is reminiscent of a high-fashion editorial, capturing a blend of modern sophistication and edgy glamour.",2025-04-04 21:34:07,Immagini Generate\immagine_adv_11.jpg
12,8,"A full-body portrait of a young Venezuelan woman with short, tousled dark hair, standing confidently on a dark runway. She wears a high-necked, glossy burgundy leather jacket cinched at the waist with a matching belt, paired with sleek black flared trousers and dark, pointed boots. She carries a structured black leather handbag. The lighting is dramatic, with a spotlight highlighting the texture of the leather and the model's features. The background is a gradient of deep burgundy and dark blue, creating a sophisticated, avant-garde atmosphere. The style is reminiscent of a high-fashion editorial, capturing a blend of elegance and edgy seductivity.",2025-04-04 21:34:55,Immagini Generate\immagine_adv_12.jpg
13,1,"A full-body portrait of a stylish Italian man in his early thirties, standing confidently in a modern, minimalist studio. He is wearing a crisp white dress shirt with delicate ruffles down the front, paired with a sleek black velvet vest buttoned halfway. The shirt's sleeves are long, with subtle ruffled cuffs. His black, wide-legged trousers are cinched with a black leather belt featuring a distinctive buckle. The lighting is soft and diffused, highlighting the textures of the fabrics and creating a sophisticated, slightly retro vibe. The background is a seamless, light gray, ensuring the focus remains on the outfit and the model's confident pose. The image should evoke a sense of modern elegance with a touch of postmodern flair, reminiscent of a Gucci or Louis Vuitton editorial. ",2025-04-04 23:25:26,Immagini Generate\immagine_adv_13.jpg
14,2,"A full-body portrait of a man in a relaxed standing pose, wearing a textured, oversized brown overshirt with a utilitarian pocket detail, layered over a muted olive green button-down shirt with subtle tonal patterns, and matching trousers. The look is completed with a casually draped blue knitted scarf. The style is high-fashion editorial with a touch of postmodern deconstruction. Soft, diffused lighting enhances the textures of the fabrics, with a color palette that emphasizes earthy tones contrasted by the pop of blue. The background is a minimalist, textured gray wall, providing a neutral backdrop that highlights the outfit. ",2025-04-04 23:25:50,Immagini Generate\immagine_adv_14.jpg
15,3,"Full-body portrait of a male model on a stark white runway, showcasing a monochromatic forest green ensemble: a relaxed-fit bomber jacket with a subtle sheen, layered over a matching collared shirt and high-waisted, wide-leg trousers cinched with a tonal belt. The look is completed with dark green, minimalist sneakers. The model stands confidently, hands in pockets, with a slightly brooding expression. The lighting is bright and even, emphasizing the texture and color of the clothing. In the blurred background, a fashion show audience is visible, adding depth and context. The image is styled as a high-fashion editorial, with a post-modern aesthetic, clean lines, and a focus on comfort and understated luxury. ",2025-04-04 23:26:13,Immagini Generate\immagine_adv_15.jpg
16,4,"A full-body portrait of a stylish Italian man in his early thirties, standing confidently in a post-modern fashion editorial. He wears a tailored black wool military jacket with silver button details and a subtle fur collar, paired with slim-fit dark brown trousers and sleek black leather riding boots. He holds a luxurious black leather duffel bag. The lighting is soft and diffused, highlighting the textures of the fabrics. The background is a minimalist studio setting in neutral tones, emphasizing the outfit's sophisticated and versatile style. ",2025-04-04 23:26:36,Immagini Generate\immagine_adv_16.jpg
17,5,"A full-body portrait of a woman in a striking, avant-garde black leather gown, featuring a strapless design with a subtle cutout at the midriff and dramatic, opera-length gloves. The dress has a sleek, form-fitting silhouette that flares slightly at the hem, creating a modern yet romantic aesthetic. She stands confidently against a backdrop of ancient Roman architecture, bathed in soft, diffused sunlight that highlights the rich texture of the leather. The image is styled as a high-fashion editorial, with a focus on clean lines, bold shapes, and a touch of gothic elegance. The color palette is monochromatic, emphasizing the depth and contrast of the black leather against the neutral stone background. The overall mood is sophisticated and powerful, capturing the essence of modern Italian luxury with a hint of rebellious spirit. ",2025-04-04 23:27:42,Immagini Generate\immagine_adv_17.jpg
18,6,"A full-body portrait of a woman with slicked-back hair, wearing an oversized pinstripe grey suit with a matching knee-length skirt, paired with sheer black tights and black pointed-toe heels. Underneath the suit, she wears a draped dark brown top that reveals a hint of skin. The style is high fashion with a touch of romanticism, reminiscent of Gucci's bold and comfortable designs. The lighting is soft and diffused, highlighting the textures of the fabric. The background is a minimalist white runway, creating a clean and modern aesthetic. The overall color palette is muted with pops of black and brown, creating a sophisticated and edgy look. ",2025-04-04 23:28:06,Immagini Generate\immagine_adv_18.jpg
19,7,"A full-body portrait of a woman in a black silk slip dress with delicate spaghetti straps, the dress featuring a subtle lace panel that extends from mid-thigh to the hem, adding a touch of romantic allure. She is draped in a luxurious, oversized faux fur stole in deep black, adding a dramatic and opulent touch. The model stands confidently on a deep blue velvet runway, under soft, diffused lighting that highlights the textures of the silk and fur. The background is a blurred gradient of deep burgundy and plum, creating a rich, romantic atmosphere reminiscent of a classic Italian opera house. The image is styled as a high-fashion editorial, capturing a blend of comfort and elegance, with a hint of vintage glamour. ",2025-04-04 23:28:33,Immagini Generate\immagine_adv_19.jpg
20,8,"A full-body portrait of a woman standing confidently on a runway, showcasing a luxurious, high-fashion ensemble. She wears a glossy, deep burgundy leather jacket with a high, structured collar and a cinched waist tied with a matching belt, emphasizing a flattering silhouette. The jacket is paired with sleek, black flared trousers that elongate her legs, and she carries a structured black leather handbag. The lighting is dramatic, with a spotlight highlighting the rich textures and colors of the outfit against a dark, moody background with hints of red and purple, reminiscent of a romantic painting. The overall style is sophisticated and modern, with a touch of classic Italian elegance. ",2025-04-04 23:28:55,Immagini Generate\immagine_adv_20.jpg
21,1,"A full-body portrait of a young Italian man, around 25, styled in a high-fashion editorial shot. He is wearing a crisp white ruffled dress shirt, paired with a sleek black velvet vest buttoned halfway, and wide-legged black trousers cinched with a black leather belt featuring a bold buckle. The look blends streetwear edge with classic elegance. The model stands confidently against a minimalist grey studio backdrop. Soft, diffused lighting highlights the textures of the fabrics and the model's features. The color palette is primarily black and white, with subtle tonal variations to add depth. The overall aesthetic is modern, sophisticated, and slightly rebellious, capturing the essence of youthful originality and versatility.",2025-04-04 23:34:53,Immagini Generate\immagine_adv_21.jpg
22,2,"A full-body portrait of a young Italian man, 25 years old, styled in a streetwear-inspired fashion editorial. He is wearing a slightly oversized, textured brown overshirt with a unique pocket detail, layered over a muted green button-down shirt with a subtle, artistic print. A knitted blue scarf adds a pop of color. The outfit is completed with matching green pants. The model is in a relaxed, standing pose against a textured, dark gray wall. The lighting is soft and diffused, highlighting the textures of the clothing. The color palette is muted with accents of blue and brown, creating a modern and edgy aesthetic. The image is shot with a medium focal length to capture the entire outfit and maintain a sense of depth. ",2025-04-04 23:35:20,Immagini Generate\immagine_adv_22.jpg
23,3,"Full-body portrait of a male model, 25 years old, walking confidently on a fashion runway; he is wearing a dark green, oversized bomber jacket with a high collar, paired with matching wide-leg trousers and a tonal belt; the outfit is complemented by dark green, chunky sneakers; the runway is bright white, contrasting with the dark tones of the clothing; the background features a blurred audience, with a mix of colors and textures; the lighting is soft and diffused, highlighting the texture of the jacket and the drape of the trousers; the image is shot in a high-fashion editorial style, with a focus on capturing the movement and attitude of the model. ",2025-04-04 23:35:47,Immagini Generate\immagine_adv_23.jpg
24,4,"Full-body portrait of a 25-year-old Italian male student, styled in a Dior-inspired streetwear editorial. He wears a black military-style jacket with fur collar, silver buttons, and epaulettes, paired with slim-fit burgundy trousers and high black leather riding boots. He holds a black leather duffel bag. Standing pose against a neutral grey background. Soft, diffused lighting with a touch of red accent. Fashion photography style.",2025-04-04 23:36:13,Immagini Generate\immagine_adv_24.jpg
25,5,"A full-body portrait of a young woman in a striking avant-garde fashion editorial, wearing a sleek, black faux leather strapless gown with a daring cutout at the midriff. The dress features a form-fitting silhouette that extends into a floor-length skirt with subtle draping. She is accessorized with matching long black gloves that reach above the elbows and platform sandals. The lighting is dramatic, with strong directional light casting deep shadows and highlighting the texture of the dress. The background is a minimalist urban setting with architectural elements, emphasizing the modern and edgy aesthetic. The overall mood is sophisticated and confident, reflecting the essence of high fashion. ",2025-04-04 23:39:19,Immagini Generate\immagine_adv_25.jpg
26,6,"A full-body portrait of a young Italian woman with slicked-back hair, embodying avant-garde elegance, standing confidently on a stark white runway. She wears an oversized, pinstriped grey suit with sharp, architectural shoulders, paired with a draped, dark brown top that reveals a hint of skin. Black sheer tights and pointed black heels complete the look. The lighting is bright and diffused, highlighting the textures of the fabrics. The background is minimalist, emphasizing the bold silhouette and modern sophistication of the outfit. Fashion editorial style. ",2025-04-04 23:39:45,Immagini Generate\immagine_adv_26.jpg
27,7,"A full-body portrait of a young Italian woman with dark hair, styled in an avant-garde fashion editorial, wearing a sleek, floor-length black slip dress with delicate spaghetti straps and a subtle V-neckline, the dress featuring a panel of intricate black lace at the mid-thigh, paired with dramatic, oversized black faux fur sleeves draped off the shoulders, black pointed-toe heels, and dark, oversized sunglasses, standing confidently on a dark blue runway, dramatic lighting with a deep burgundy backdrop, high fashion, elegant, seductive, security. ",2025-04-04 23:41:11,Immagini Generate\immagine_adv_27.jpg
28,8,"A full-body portrait of a young woman with an avant-garde hairstyle, standing confidently on a dark runway. She wears a high-necked, burgundy patent leather jacket cinched at the waist with a matching belt, paired with sleek black flared trousers and dark, pointed-toe boots. She carries a structured black leather handbag. The lighting is dramatic, with a spotlight emphasizing the jacket's glossy texture. The background is a gradient of deep burgundy and dark blue, creating a sophisticated and edgy atmosphere. The style is high fashion, reminiscent of Yves Saint Laurent's bold silhouettes. ",2025-04-04 23:41:50,Immagini Generate\immagine_adv_28.jpg
29,1,"A full-body portrait of a young Italian man in a fashion editorial, standing confidently in a stark studio setting. He wears a crisp white ruffled dress shirt paired with a tailored black velvet vest, buttoned halfway. The outfit is completed with wide-legged black trousers and a black leather belt featuring a subtle, modern buckle. The lighting is dramatic, emphasizing the textures of the fabrics and creating strong shadows. The color palette is primarily monochrome, with the white shirt providing a striking contrast against the black vest and trousers. The background is a seamless, light gray, ensuring the focus remains on the clothing and the model's poised demeanor. The overall style is a blend of classic elegance and contemporary edge, reflecting a sophisticated yet rebellious aesthetic.",2025-04-04 23:43:36,Immagini Generate\immagine_adv_29.jpg
30,2,"A full-body portrait of a young Italian man in his mid-twenties, standing confidently in a raw, industrial setting. He wears a textured, earth-toned overshirt with a utilitarian pocket detail, layered over a subtly patterned button-down shirt. The look is completed with matching trousers and a loosely draped blue knit scarf, adding a touch of unexpected color. The lighting is diffused and moody, emphasizing the textures of the clothing and the concrete background, creating a fashion editorial image with a raw, tribal-inspired edge. ",2025-04-04 23:44:26,Immagini Generate\immagine_adv_30.jpg
31,3,"Full-body portrait of a male model on a stark white runway, showcasing a dark forest green, almost black, monochrome outfit. The model wears a slightly oversized bomber jacket with a subtle sheen, paired with matching wide-leg trousers cinched at the waist with a tonal belt. Underneath the jacket, a dark green collared shirt adds depth to the ensemble. The model stands confidently, hands relaxed in pockets, embodying understated elegance. The lighting is bright and even, highlighting the texture of the fabrics. The background is blurred, focusing attention on the outfit and the model's strong features. The image is styled as a high-fashion editorial, reminiscent of Junya Watanabe's avant-garde aesthetic.",2025-04-04 23:45:25,Immagini Generate\immagine_adv_31.jpg
32,4,"Full-body portrait of a 25-year-old Italian man, a student with a penchant for tribalism-inspired fashion, standing confidently in a stark, minimalist studio. He wears a black, military-style jacket with fur collar, featuring structured shoulders and silver button details, paired with dark brown tailored trousers and sleek black riding boots. He holds a black leather duffel bag. The lighting is dramatic, with strong contrasts highlighting the textures of the fabrics. The color palette is predominantly dark, with subtle hints of brown and silver. The background is a seamless, light gray, ensuring the focus remains on the outfit and the model's commanding presence. The image is styled as a high-fashion editorial, reminiscent of Junya Watanabe and Rick Owens, capturing a sense of elegance and security.",2025-04-04 23:45:54,Immagini Generate\immagine_adv_32.jpg
33,1,"A full-body portrait of a handsome Italian man in his early thirties, standing confidently in a dimly lit, upscale jazz club. He is wearing a crisp white dress shirt with delicate ruffles down the front, paired with a tailored black velvet vest buttoned halfway. The shirt's sleeves are slightly long, with subtle ruffles at the cuffs. He wears dark, wide-legged trousers with a sleek black belt featuring a subtle buckle. The lighting is soft and moody, emphasizing the textures of the velvet and the crispness of the shirt. The color palette is rich and deep, dominated by blacks and Bordeaux accents. The background is blurred, suggesting the ambiance of a sophisticated, intimate setting with hints of brass instruments and soft lighting. The overall style is a modern take on neo-classical elegance, blending vintage charm with contemporary sophistication.",2025-04-04 23:50:00,Immagini Generate\immagine_adv_33.jpg
34,2,"A full-body portrait of a man in a sophisticated fashion editorial, wearing a relaxed-fit, earth-toned overshirt crafted from a textured, slightly distressed fabric, layered over a muted olive green button-down shirt with subtle tonal patterns. The look is completed with matching trousers in a similar muted tone. The model stands confidently against a textured, dark gray studio backdrop reminiscent of aged concrete, with soft, diffused lighting highlighting the garment's details and the model's features. A touch of unexpected color is added with a loosely draped, knitted blue scarf. The overall aesthetic is modern yet timeless, with a hint of understated luxury. The image should evoke a sense of effortless style and quiet confidence, shot in a high-fashion editorial style. ",2025-04-04 23:50:46,Immagini Generate\immagine_adv_34.jpg
35,3,"Full-body portrait of a male model on a runway, wearing a dark Bordeaux, almost black, suede bomber jacket over a matching dark Bordeaux shirt and wide-leg trousers, cinched with a tonal belt. The model is standing tall, hands in pockets, exuding confidence and understated elegance. The scene is lit with soft, diffused light, highlighting the rich textures of the fabrics. The background is a minimalist white space, allowing the outfit to take center stage. The image is styled as a high-fashion editorial, reminiscent of Bottega Veneta's sophisticated aesthetic. ",2025-04-04 23:51:17,Immagini Generate\immagine_adv_35.jpg
36,4,"A full-body portrait of a sophisticated man in his early thirties, standing confidently in a neo-classical-inspired setting. He wears a tailored, double-breasted black wool jacket with subtle military-style detailing, featuring silver buttons and a refined fur collar. Underneath, a crisp white shirt peeks out, paired with elegant Bordeaux trousers. Completing the look are sleek, black leather riding boots and a luxurious black leather duffel bag held casually in his hand. The lighting is soft and diffused, highlighting the rich textures and colors of the outfit, with a neutral, slightly desaturated background that emphasizes the timeless elegance of the ensemble. The overall composition is clean and balanced, evoking a sense of understated luxury and confident style.",2025-04-04 23:51:40,Immagini Generate\immagine_adv_36.jpg
37,1,"A full-body portrait of a young Italian man with dark hair, styled in a modern gothic fashion editorial. He is wearing a crisp white ruffled dress shirt, paired with a tailored black velvet vest, buttoned halfway. The outfit is completed with wide-legged, dark blue pleated trousers and a black leather belt with a distinctive buckle. The model stands confidently in a minimalist studio setting with soft, diffused lighting that highlights the textures of the fabrics. The color palette is muted, emphasizing the contrast between the white shirt and the dark vest and trousers. The background is a gradient of cool grays, providing a sophisticated and edgy backdrop. The image is shot with a medium format camera, capturing the details of the clothing and the model's expression with clarity and depth.",2025-04-04 23:53:29,Immagini Generate\immagine_adv_37.jpg
38,2,"A full-body portrait of a slender man with slicked-back dark hair, standing in a dimly lit, gothic-inspired interior. He wears an oversized, raw-edged brown linen overshirt with a large patch pocket, paired with a semi-transparent, dark olive button-down shirt featuring a subtle, almost marbled pattern. A loosely draped, knitted blue scarf adds a touch of color. The outfit is completed with matching olive linen trousers. The lighting is soft and diffused, emphasizing the textures of the fabrics, with a desaturated color palette dominated by earthy tones and hints of blue. The background features a textured concrete wall, adding to the raw and unconventional aesthetic. The image is styled as a high-fashion editorial, capturing a sense of understated rebellion and artistic expression. ",2025-04-04 23:54:08,Immagini Generate\immagine_adv_38.jpg
39,3,"Full-body portrait of a male model with a brooding expression, showcasing a dark teal, oversized bomber jacket with a high collar, paired with matching wide-leg trousers and a tonal belt, creating a monochromatic, avant-garde look; standing on a stark white runway during a fashion show, with a blurred audience in the background; dramatic, directional lighting emphasizing the texture of the fabrics; high-fashion editorial style, reminiscent of Rick Owens, with a touch of gothic sensibility; the color palette is dominated by deep blues and blacks, reflecting a sense of freedom and originality. ",2025-04-04 23:54:32,Immagini Generate\immagine_adv_39.jpg
40,4,"A full-body portrait of a male model standing in a stark, minimalist studio, showcasing a dark navy wool military jacket with a subtle fur collar, paired with slim-fit, dark brown trousers and high, black leather riding boots. The jacket features silver button detailing and structured shoulders, exuding a gothic-inspired, avant-garde aesthetic. He holds a large, black leather duffel bag. The lighting is dramatic, with strong contrasts and a slightly desaturated color palette, emphasizing the textures and dark tones of the clothing. The background is a plain, light gray, ensuring the outfit remains the focal point. ",2025-04-04 23:55:06,Immagini Generate\immagine_adv_40.jpg
41,1,"A full-body portrait of a young Italian painter, standing confidently in a sun-drenched Roman atelier. He wears a crisp, celeste-tinted ruffled dress shirt, partially unbuttoned at the collar, paired with a tailored black velvet vest. The outfit is completed with high-waisted, wide-legged navy trousers cinched with a black leather belt featuring a subtle, vintage-inspired buckle. The lighting is soft and natural, highlighting the textures of the fabrics. The background features a canvas splattered with vibrant pop-art colors, brushes, and paint tubes scattered around, creating a scene of creative energy and effortless style. ",2025-04-05 00:01:15,Immagini Generate\immagine_adv_41.jpg
42,2,"A full-body portrait of a young Italian painter in a relaxed standing pose, wearing a vintage-inspired, oversized brown corduroy shirt-jacket with a large patch pocket, layered over a muted olive green button-down shirt with a subtle, artistic print. A celeste blue knitted scarf is casually draped around his neck. The look is completed with matching olive green trousers. The lighting is soft and diffused, highlighting the textures of the fabrics. The background is a minimalist studio setting with a slightly textured concrete wall, creating a sophisticated yet understated pop-art vibe. ",2025-04-05 00:02:05,Immagini Generate\immagine_adv_42.jpg
43,3,"Full-body portrait of a young man with an artistic flair, standing confidently on a minimalist stage. He is wearing a relaxed-fit, dark teal bomber jacket over a matching teal collared shirt and wide-leg trousers, cinched with a woven belt. The outfit is completed with dark teal suede loafers. The lighting is soft and diffused, highlighting the textures of the fabrics. The background is a clean, white space, allowing the outfit to take center stage. The image is styled as a high-fashion editorial, with a focus on the unique silhouette and color palette. ",2025-04-05 00:02:32,Immagini Generate\immagine_adv_43.jpg
44,4,"A full-body portrait of a 27-year-old Italian painter, standing confidently in a modern, art-inspired fashion editorial. He wears a custom-tailored, celeste-colored wool jacket with a subtle, fur-trimmed collar, paired with slim-fit, dark brown trousers. The look is completed with sleek, black leather riding boots and a sophisticated black leather duffel bag. The lighting is soft and diffused, highlighting the textures of the fabrics, with a pop-art inspired background featuring bold, geometric shapes in contrasting colors. The overall composition is clean and stylish, reflecting a blend of classic elegance and contemporary artistic flair. ",2025-04-05 00:03:01,Immagini Generate\immagine_adv_44.jpg
45,5,"A full-body portrait of a woman in a striking, eco-conscious fashion editorial. She wears a sleek, black, strapless faux leather midi dress with a subtle cutout at the midriff, paired with matching long gloves. The dress has a modern, architectural silhouette with draped detailing at the hem. She stands confidently against a backdrop of a minimalist, sunlit urban landscape with a touch of classical architecture. The lighting is soft and natural, highlighting the texture of the dress and the model's poised expression. The image is styled with a high-fashion, editorial aesthetic, emphasizing elegance and strength. ",2025-04-05 00:04:33,Immagini Generate\immagine_adv_45.jpg
46,6,"A full-body portrait of a confident woman in a pinstripe power suit, the jacket slightly oversized with strong shoulders, paired with a knee-length skirt. Underneath, a draped dark silk top adds a touch of understated luxury. Black sheer stockings and pointed-toe heels complete the look. The style is high-fashion editorial, with a focus on clean lines and sophisticated tailoring. Shot in a minimalist studio with soft, diffused lighting that highlights the texture of the fabrics. The background is a seamless white, creating a timeless and elegant atmosphere. ",2025-04-05 00:05:16,Immagini Generate\immagine_adv_46.jpg
47,7,"Full-body portrait of a confident Italian woman in her early forties, embodying eco-fashion elegance, standing on a minimalist runway. She wears a sleek, floor-length black slip dress with delicate spaghetti straps and subtle lace paneling at the lower part, paired with a dramatic, ethically sourced faux fur stole draped over her shoulders. The dress subtly accentuates her figure, projecting security and sophistication. The scene is lit with soft, diffused light, highlighting the textures of the fabrics and creating a timeless, editorial feel. The background is a muted, dark plum, providing a sophisticated contrast to the black outfit. The image is styled in the manner of a Giorgio Armani campaign, emphasizing understated luxury and sustainable fashion. ",2025-04-05 00:05:45,Immagini Generate\immagine_adv_47.jpg
48,8,"Full-body portrait of a confident woman in a sophisticated, eco-conscious fashion editorial, wearing a belted, high-neck jacket in a deep burgundy, sustainable leather alternative, cinched at the waist with a matching tie, paired with sleek black, wide-leg trousers; standing pose on a minimalist runway, holding a structured black handbag; soft, diffused lighting highlighting the textures of the garments, with a muted, earthy color palette; background of a dimly lit, modern art gallery with subtle architectural details. ",2025-04-05 00:06:35,Immagini Generate\immagine_adv_48.jpg
49,5,"A full-body portrait of a woman in a striking black leather strapless gown with a daring cutout at the midriff, complemented by matching long leather gloves, standing confidently against a backdrop of ancient Roman architecture, the soft, diffused light casting subtle shadows that accentuate the dress's texture, the scene evoking a sense of modern romanticism with a touch of rebellious elegance, fashion editorial style. ",2025-04-05 00:08:08,Immagini Generate\immagine_adv_49.jpg
50,6,"A full-body portrait of a woman in a pinstripe grey skirt suit, the oversized blazer draped open to reveal a dark brown, loosely knotted top underneath. She wears sheer black stockings and black pointed-toe heels. The style is high fashion with a touch of romanticism. Soft, diffused lighting enhances the textures of the fabrics. The background is a minimalist white runway, creating a stark contrast that highlights the outfit. The composition is balanced, capturing the model in motion, conveying freedom and originality.",2025-04-05 00:08:35,Immagini Generate\immagine_adv_50.jpg
51,7,"A full-body portrait of a woman in her forties, standing gracefully in a dimly lit, opulent ballroom. She is wearing a floor-length black silk slip dress with delicate spaghetti straps and a subtle V-neckline. The dress features a panel of intricate black lace that extends from mid-thigh to the hem, adding a touch of romantic allure. A luxurious, oversized black faux fur stole is draped loosely over her shoulders, lending an air of dramatic elegance. Her hair is styled in a soft, loose updo, and she wears dark, vintage-inspired sunglasses. The lighting is soft and moody, with a focus on highlighting the textures of the silk and fur. The background is a deep burgundy, creating a rich and sophisticated atmosphere. The overall style is reminiscent of a high-fashion editorial, blending classic elegance with a modern edge.",2025-04-05 00:09:03,Immagini Generate\immagine_adv_51.jpg
52,8,"A full-body portrait of a woman in a high-fashion editorial style, standing confidently on a runway. She is wearing a luxurious, dark burgundy patent leather wrap jacket with an oversized collar and a cinched waist tied with a matching belt, paired with sleek black flared trousers and dark, elegant heels. She carries a structured black leather handbag. The lighting is dramatic, with a spotlight emphasizing the glossy texture of the jacket. The background is a deep, moody gradient of burgundy and black, creating a romantic and sophisticated atmosphere. The overall aesthetic is bold, original, and effortlessly chic.",2025-04-05 00:09:38,Immagini Generate\immagine_adv_52.jpg
53,5,"A full-body portrait of a mature woman with short, elegant silver hair, standing confidently in a sun-drenched Italian courtyard. She wears a sophisticated, floor-length dress in a soft, celestial blue, crafted from a subtly textured, lightweight fabric that drapes gracefully. The dress features a high neckline and long, flowing sleeves, offering both comfort and style. Accessorized with delicate, blush-pink leather gloves and comfortable, yet chic, platform sandals in a matching shade of pink. The overall aesthetic is romantic and timeless, reminiscent of a classic Italian film, with soft, diffused lighting enhancing the serene and elegant atmosphere. The background includes weathered stone walls and lush greenery, adding to the scene's romantic charm. ",2025-04-05 13:41:40,Immagini Generate\immagine_adv_53.jpg
54,6,"A full-body portrait of a mature woman with an elegant updo, standing confidently in a modern, minimalist gallery. She wears a sophisticated, oversized pinstripe suit in soft grey, paired with a flowing, draped top in a muted rose hue. The skirt is knee-length, complementing the jacket's relaxed fit. Black sheer stockings and pointed-toe heels add a touch of classic refinement. Soft, diffused lighting enhances the romantic color palette, casting gentle shadows. The background is a clean, white space with subtle architectural details, emphasizing the timeless yet contemporary style of the outfit. The image is styled as a high-fashion editorial, capturing a blend of comfort and chic sophistication. ",2025-04-05 13:42:11,Immagini Generate\immagine_adv_54.jpg
55,7,"Full-body portrait of a mature Italian woman with elegant, swept-back hair, wearing a floor-length, celestial blue silk slip dress with delicate spaghetti straps, the dress featuring subtle lace paneling at the lower portion, paired with a soft, blush pink faux fur stole draped loosely over her shoulders, accessorized with delicate silver earrings and classic black patent leather pumps, standing gracefully in a dimly lit, romantic setting with a soft, diffused light highlighting the luxurious textures of the silk and fur, the background a blurred gradient of deep burgundy and soft lavender, reminiscent of a Renaissance painting, fashion editorial style. ",2025-04-05 13:42:55,Immagini Generate\immagine_adv_55.jpg
56,8,"A full-body portrait of a mature woman with short, elegant hair, standing confidently on a cobblestone street in Rome. She is wearing a luxurious, soft pink leather jacket with a high, draped collar and a delicate tie at the waist, paired with flowing, wide-leg trousers in a light celestial blue. The jacket has a subtle sheen, catching the soft, diffused light of the late afternoon. She carries a small, structured handbag in a complementary shade of grey-blue. The scene is bathed in warm, romantic lighting, reminiscent of a Renaissance painting, with a soft focus that highlights the textures of the clothing and the timeless beauty of the Roman architecture in the background. The overall style is a blend of modern sophistication and classic Italian elegance, capturing a sense of effortless chic and comfort. ",2025-04-05 13:43:38,Immagini Generate\immagine_adv_56.jpg
57,5,"A full-body portrait of a mature woman with an elegant and confident posture, wearing a sophisticated, form-fitting magenta leather dress with a unique strapless design and long, matching gloves. The dress features subtle draping that accentuates the figure, and the gloves add a touch of drama. She is wearing platform sandals. The style of the image is high fashion with a romantic touch, reminiscent of a Louis Vuitton or Gucci campaign. The lighting is soft and diffused, highlighting the rich color and texture of the leather. The background is a sunlit, classical Italian courtyard with stone architecture, providing a timeless and luxurious setting. ",2025-04-05 13:46:23,Immagini Generate\immagine_adv_57.jpg
58,6,"A full-body portrait of a mature Italian woman with an elegant updo, standing confidently in a modern art gallery. She is wearing a sophisticated pinstripe skirt suit in shades of gray, the oversized blazer draped open to reveal a flowing magenta silk top knotted loosely at the chest. Black sheer stockings and pointed-toe heels complete the ensemble. Soft, diffused lighting enhances the romantic mood, casting subtle shadows that highlight the luxurious fabrics. The background is minimalist, with white walls and a hint of abstract art, ensuring the focus remains on the woman and her stylish attire. ",2025-04-05 13:46:43,Immagini Generate\immagine_adv_58.jpg
59,7,"A full-body portrait of a mature Italian woman with an elegant updo and dark sunglasses, standing confidently on a deep blue runway. She is wearing a sophisticated black slip dress with delicate spaghetti straps and a subtle V-neckline. The dress features a panel of intricate black lace at the mid-calf, adding a touch of romanticism. A luxurious, oversized black faux fur stole is draped loosely over her shoulders, providing warmth and a dramatic flair. The lighting is soft and diffused, highlighting the textures of the fabric and fur. The background is a gradient of deep magenta and burgundy, creating a rich and luxurious atmosphere, reminiscent of a high-fashion editorial. The overall style is elegant, comfortable, and effortlessly chic. ",2025-04-05 13:47:10,Immagini Generate\immagine_adv_59.jpg
60,8,"A full-body portrait of a mature Italian woman with short, styled hair, standing confidently on a runway. She is wearing a luxurious, magenta-colored, high-neck leather jacket with a cinched waist belt, paired with elegant black flared trousers. The jacket has a glossy finish, reflecting the soft, romantic lighting of the runway. She carries a structured black leather handbag. The background is a gradient of deep burgundy and soft purple, creating a sophisticated and artistic atmosphere. The image is styled as a high-fashion editorial, capturing the essence of comfort and freedom with a touch of romanticism. ",2025-04-05 13:47:49,Immagini Generate\immagine_adv_60.jpg
61,5,"A full-body portrait of a woman in a dramatic, avant-garde black leather gown, featuring a strapless design with a geometric cutout at the midriff and matching opera-length gloves. The dress has a sleek, form-fitting silhouette that flares slightly at the hem, paired with black platform sandals. The model stands confidently against a backdrop of a weathered stone wall with baroque-style carvings. The lighting is soft and diffused, highlighting the texture of the leather and the architectural details, creating a high-fashion editorial style with a touch of dark elegance. ",2025-04-05 13:49:36,Immagini Generate\immagine_adv_61.jpg
62,6,"A full-body portrait of a woman in a dramatically oversized, pinstriped grey suit with sharp, exaggerated shoulders, paired with a draped, dark brown top that plunges to a deep V-neck, black sheer stockings, and pointed black heels. The model is standing confidently on a stark white runway, with cool, diffused lighting highlighting the textures of the fabrics. The background is minimalist, featuring a subtle, futuristic design with horizontal light bars, reminiscent of a high-fashion editorial shot with a baroque sensibility. ",2025-04-05 13:50:27,Immagini Generate\immagine_adv_62.jpg
63,7,"A full-body portrait of a woman in a sleek, black slip dress with delicate spaghetti straps, the dress featuring a subtle lace panel that adds a touch of elegance, paired with a dramatic, oversized faux fur stole draped casually over her shoulders, black patent leather heels with delicate straps, standing confidently in a dimly lit, opulent bar with baroque-inspired decor, soft, diffused lighting highlighting the textures of the fabrics, a moody, sophisticated atmosphere with rich, dark tones and subtle pops of gold, fashion editorial style. ",2025-04-05 13:51:09,Immagini Generate\immagine_adv_63.jpg
64,8,"A full-body portrait of a woman in a high-fashion editorial style, standing confidently on a runway. She wears a glossy, deep burgundy leather wrap jacket with an oversized collar and a tie belt cinching the waist, paired with sleek black flared trousers and matching heeled boots. She carries a structured black leather handbag. The lighting is dramatic, with a spotlight emphasizing the texture and sheen of the leather. The background is a gradient of deep burgundy and dark blue, creating a luxurious and sophisticated atmosphere. The overall aesthetic is modern baroque, with a touch of pop sensibility. ",2025-04-05 13:52:01,Immagini Generate\immagine_adv_64.jpg
65,5,"A full-body portrait of a woman in a striking avant-garde fashion editorial, wearing a sleek, black strapless dress with a daring cutout at the midriff, paired with dramatic, elbow-length leather gloves. The dress is form-fitting, accentuating the figure, and falls to a midi length with a slightly asymmetrical hem. She stands confidently against a backdrop of a weathered stone wall with classical architectural details. The lighting is soft and diffused, highlighting the textures of the leather and stone, with a monochromatic color scheme emphasizing the stark contrast between light and shadow. The overall mood is sophisticated, edgy, and subtly seductive. ",2025-04-05 13:53:27,Immagini Generate\immagine_adv_65.jpg
66,6,"A full-body portrait of a woman with slicked-back hair, wearing an avant-garde pinstripe skirt suit with oversized shoulders and a draped brown top, black tights, and black pointed heels, standing on a stark white runway with soft, diffused lighting, high fashion editorial style, minimalist background with subtle geometric light patterns, monochromatic color scheme with pops of brown, clean and sharp focus. ",2025-04-05 13:54:01,Immagini Generate\immagine_adv_66.jpg
67,7,"A full-body portrait of a woman with an avant-garde aesthetic, standing confidently on a dimly lit runway. She is wearing a sleek, black slip dress with delicate spaghetti straps and a subtle V-neckline. The dress features a panel of intricate black lace that extends down the side, adding a touch of dark romance. Drapped over her arms is a voluminous, faux fur stole in deep black, providing a dramatic contrast to the dress's simplicity. Her hair is styled in a chic, slightly undone updo, and she wears dark, oversized sunglasses that add an air of mystery. The lighting is moody and theatrical, with a spotlight highlighting the textures of the dress and fur. The background is a blurred gradient of deep burgundy and dark blue, creating a sophisticated and edgy atmosphere. The overall style is high fashion with a touch of gothic elegance.",2025-04-05 13:54:41,Immagini Generate\immagine_adv_67.jpg
68,8,"A full-body portrait of a woman standing on a runway, showcasing a high-fashion avant-garde outfit. She wears a glossy, dark burgundy leather jacket with an oversized collar and a cinched waist tied with a belt, paired with sleek black flared trousers. The model holds a structured black leather handbag. The lighting is dramatic, with a spotlight emphasizing the texture and sheen of the leather. The background is a gradient of deep burgundy and dark blue, creating a sophisticated and edgy atmosphere. The style is reminiscent of a Rick Owens runway show, capturing comfort, elegance, and seductivity.",2025-04-05 13:55:15,Immagini Generate\immagine_adv_68.jpg
69,1,"A full-body portrait of a young Italian man, exuding confidence and style, standing in a softly lit studio. He is wearing a crisp white dress shirt with delicate ruffles cascading down the front, paired with a sleek, tailored black vest that accentuates his physique. The shirt's sleeves are slightly billowed, finished with ruffled cuffs. Dark, wide-legged trousers are cinched at the waist with a subtle black belt featuring a distinctive buckle. The lighting is soft and diffused, highlighting the textures of the fabrics and creating a sophisticated, slightly baroque atmosphere. The background is a muted, gradient blue, providing a clean and modern contrast to the classic elegance of the outfit. The overall aesthetic is reminiscent of a Giorgio Armani campaign, blending comfort with a touch of refined drama. ",2025-04-05 13:58:31,Immagini Generate\immagine_adv_69.jpg
70,2,"A full-body portrait of a young Italian man in a relaxed standing pose, wearing a dark olive green button-down shirt with a subtle, almost marbled pattern, paired with a loose-fitting, light brown overshirt in a textured fabric reminiscent of corduroy, featuring a patch pocket and wide cuffs. A loosely draped, knitted blue scarf adds a touch of color. The style is a modern interpretation of Baroque elegance, blending comfort with a sense of security and understated luxury. Soft, diffused lighting enhances the textures of the clothing, with a color palette dominated by muted earth tones and a pop of blue. The background is a minimalist, dark gray textured wall, providing a sophisticated and unobtrusive backdrop. ",2025-04-05 13:59:42,Immagini Generate\immagine_adv_70.jpg
71,3,"Full-body portrait of a young Italian man with dark hair, styled in a modern Baroque fashion editorial, wearing a relaxed-fit, dark forest green suede bomber jacket over a matching dark green tailored jumpsuit with a subtle sheen, cinched at the waist with a tonal belt. The model is standing confidently on a stark white runway, with a blurred background of a high-fashion audience. Soft, diffused lighting enhances the rich colors of the outfit, creating a sophisticated and comfortable yet secure look. The image is shot with a shallow depth of field, emphasizing the texture of the suede and the drape of the jumpsuit. ",2025-04-05 14:00:20,Immagini Generate\immagine_adv_71.jpg
72,4,"A full-body portrait of a young Italian man, exuding confidence and style, standing in a baroque-inspired setting. He is wearing a tailored black military-style jacket with silver button details and a subtle fur collar, paired with dark brown slim-fit trousers and sleek black riding boots. He holds a luxurious black leather duffel bag. The lighting is dramatic, with chiaroscuro effects highlighting the textures of the fabrics and the man's features. The background features ornate architectural details and soft, diffused light, creating a sophisticated and timeless atmosphere. ",2025-04-05 14:01:12,Immagini Generate\immagine_adv_72.jpg
73,1,"A full-body portrait of a young Italian man in his mid-twenties, styled for a high-fashion editorial, standing confidently in a modern interpretation of classic elegance. He wears a crisp white dress shirt with delicate ruffled detailing down the front, paired with a sleek, tailored black vest that subtly hints at a vintage silhouette. The outfit is completed with wide-legged, dark trousers cinched at the waist with a stylish belt featuring a distinctive buckle. The lighting is soft and diffused, highlighting the textures of the fabrics and creating a sophisticated, slightly moody atmosphere. The color palette is primarily monochrome with subtle hints of warmth in the skin tones. The background is a minimalist studio setting, slightly out of focus, ensuring the focus remains on the model and the clothing. The overall aesthetic blends streetwear sensibilities with Armani-inspired tailoring, capturing a sense of comfort, freedom, and understated luxury. ",2025-04-05 14:02:40,Immagini Generate\immagine_adv_73.jpg
74,2,"A full-body portrait of a young Italian man in a relaxed standing pose, wearing a dark olive, slightly oversized shirt with a subtle, almost tie-dye pattern, paired with a loose-fitting, light brown overshirt in a textured, almost corduroy-like fabric, featuring a single chest pocket and silver snap closures. A casually draped blue knitted scarf adds a pop of color. The outfit is completed with matching olive trousers. The lighting is soft and diffused, creating a moody atmosphere with a muted color palette. The background is a textured, dark gray wall, reminiscent of concrete, adding a streetwear edge to the editorial fashion shot. ",2025-04-05 14:04:22,Immagini Generate\immagine_adv_74.jpg
75,3,"Full-body portrait of a young Italian man with dark hair, styled in a modern streetwear fashion editorial. He is wearing a monochromatic dark red outfit: a relaxed-fit bomber jacket over a matching shirt, paired with wide-leg trousers cinched with a tonal belt. The outfit is completed with dark red sneakers. The model stands confidently on a stark white runway, with a blurred background of a fashion show audience. Soft, diffused lighting enhances the textures of the clothing, creating a sophisticated yet edgy look. The image is shot with a medium focal length to capture the entire outfit and the model's confident stance. ",2025-04-05 14:04:52,Immagini Generate\immagine_adv_75.jpg
76,4,"Full-body portrait of a young Italian man, 24 years old, dressed in a sophisticated streetwear style. He wears a tailored black wool military jacket with silver buttons and a subtle fur collar, paired with a crisp white shirt underneath. Dark red slim-fit trousers complement the jacket, tucked into sleek black leather riding boots. He holds a black leather duffel bag in his hand. Standing pose against a neutral grey background. Soft, diffused lighting with a touch of warm tones. Fashion editorial style, reminiscent of a Giorgio Armani campaign. ",2025-04-05 14:05:43,Immagini Generate\immagine_adv_76.jpg
77,1,"A full-body portrait of a young Italian man, around 22 years old, standing confidently in a minimalist studio setting. He is wearing a crisp white ruffled dress shirt paired with a sleek, black velvet vest buttoned halfway, revealing the intricate details of the shirt. The outfit is completed with wide-legged, dark green trousers and a black leather belt featuring a subtle, avant-garde buckle. The lighting is soft and diffused, highlighting the textures of the fabrics and creating a sophisticated, slightly edgy atmosphere. The background is a muted gray, ensuring the focus remains on the unique and stylish ensemble. The overall aesthetic is a blend of classic elegance and modern, avant-garde sensibilities. ",2025-04-05 14:08:21,Immagini Generate\immagine_adv_77.jpg
78,2,"A full-body portrait of a young Italian man in a raw, avant-garde fashion editorial, standing against a textured concrete wall. He wears an oversized, distressed brown linen overshirt with a large patch pocket, paired with a semi-transparent, mottled green button-down shirt underneath. A loosely draped, bright blue knitted scarf adds a pop of color. The look is completed with matching green linen trousers. The lighting is soft and diffused, emphasizing the textures of the fabrics and the model's features. The color palette is muted and earthy, with the blue scarf providing a striking contrast. The overall style is minimalist and unconventional, reflecting a sense of freedom and originality. ",2025-04-05 14:09:18,Immagini Generate\immagine_adv_78.jpg
79,3,"Full-body portrait of a young male model with an avant-garde aesthetic, standing confidently on a stark white runway. He is wearing a monochromatic dark green ensemble: a relaxed-fit bomber jacket with a subtle sheen, layered over a matching collared shirt and wide-leg trousers cinched with a tonal belt. The outfit exudes a sense of understated luxury and effortless cool. The lighting is bright and even, highlighting the texture of the fabrics and the clean lines of the design. The background is blurred, focusing attention on the model and the clothing. The image is styled as a high-fashion editorial, reminiscent of a Rick Owens campaign, with a focus on minimalist composition and bold silhouettes. ",2025-04-05 14:10:16,Immagini Generate\immagine_adv_79.jpg
80,4,"Full-body portrait of a young Italian man, 22 years old, with short dark hair, wearing a black avant-garde military-style jacket with silver buttons and a fur collar, paired with dark green slim-fit trousers and black leather riding boots, holding a large black leather duffel bag, standing in a minimalist studio setting with soft, diffused lighting, high-fashion editorial style, monochromatic color palette with subtle green undertones, dramatic shadows, clean background. ",2025-04-05 14:11:05,Immagini Generate\immagine_adv_80.jpg
81,5,"A full-body portrait of a woman in a minimalist fashion editorial, wearing a sleek, black, strapless leather dress with a subtle cutout at the midriff, paired with matching long leather gloves. The dress has a form-fitting silhouette that extends to the ankles, with a slight gathering at the hem. She is standing confidently against a backdrop of a weathered stone wall with classical architectural details. The lighting is soft and diffused, highlighting the texture of the leather and the architectural background. The color palette is monochromatic, emphasizing shades of black and gray. The image has a high-fashion, editorial feel, with a focus on clean lines and sophisticated elegance. ",2025-04-05 18:28:38,Immagini Generate\immagine_adv_81.jpg
82,6,"A full-body portrait of a confident woman in her forties, standing in a minimalist, modern art gallery. She wears a sophisticated, oversized pinstripe suit in shades of gray and blue, paired with a draped, dark brown silk top that adds a touch of unexpected elegance. Black sheer stockings and pointed-toe heels complete the look. The lighting is soft and diffused, highlighting the textures of the fabrics. The background is a clean, white space with subtle architectural details, emphasizing the clean lines and bold silhouette of the outfit. The image is styled as a high-fashion editorial, capturing a sense of effortless chic and modern sophistication. ",2025-04-05 18:31:12,Immagini Generate\immagine_adv_82.jpg
83,7,"A full-body portrait of a woman in her forties, standing confidently in a minimalist fashion editorial. She wears a sleek, floor-length black slip dress with delicate spaghetti straps and subtle lace paneling at the lower part of the dress. The dress is paired with a dramatic, oversized black faux fur stole draped casually over her shoulders. She wears elegant black pointed-toe heels. The lighting is soft and diffused, highlighting the textures of the dress and fur. The background is a deep, rich burgundy, creating a sophisticated and elegant atmosphere. The overall style is chic, modern, and timeless, reminiscent of a Gucci or Louis Vuitton campaign. ",2025-04-05 18:32:23,Immagini Generate\immagine_adv_83.jpg
84,8,"A full-body portrait of a woman in her forties, standing confidently on a minimalist runway. She wears a high-necked, burgundy patent leather jacket cinched at the waist with a matching belt, paired with sleek black flared trousers and dark, pointed-toe boots. She carries a structured black leather handbag. The lighting is soft and diffused, highlighting the jacket's glossy texture. The background is a gradient of deep burgundy to dark blue, creating a sophisticated and elegant atmosphere. The style is high fashion with a touch of Italian elegance. ",2025-04-05 18:33:12,Immagini Generate\immagine_adv_84.jpg
85,1,"A full-body portrait of a slender Italian man in his early thirties, standing confidently in a dimly lit, gothic-inspired hall. He wears a crisp white, ruffled dress shirt, partially unbuttoned at the top, paired with a tailored black velvet vest that accentuates his physique. The vest is buttoned halfway, revealing a glimpse of the shirt's intricate ruffles. His black, wide-legged trousers are cinched at the waist with a sleek black leather belt featuring a subtle, dark buckle. The lighting is dramatic, with shadows emphasizing the textures of the velvet and ruffles. The color palette is monochromatic, dominated by blacks and whites, with subtle gradations of gray. The background features blurred gothic arches and dimly lit candles, creating an atmosphere of dark elegance and mystery. The image is styled as a high-fashion editorial, capturing a blend of comfort and avant-garde style.",2025-04-05 18:35:07,Immagini Generate\immagine_adv_85.jpg
86,2,"A full-body portrait of a slender man with slicked-back dark hair, standing in a dimly lit, gothic-inspired setting. He wears a dark olive, slightly distressed button-down shirt with a subtle, almost marbled pattern, paired with a loose-fitting, earth-toned overshirt in a textured fabric, featuring a prominent chest pocket and wide, cuffed sleeves. A loosely draped, knitted blue scarf adds a touch of unexpected color. The outfit is completed with matching olive trousers, creating a comfortable yet stylish ensemble. The lighting is moody and atmospheric, emphasizing the textures and muted tones of the clothing. The background is a dark, textured wall, reminiscent of aged stone, enhancing the gothic aesthetic. The image is styled as a high-fashion editorial, capturing the essence of comfort and versatility with a touch of dark elegance. ",2025-04-05 18:35:56,Immagini Generate\immagine_adv_86.jpg
87,3,"Full-body portrait of a male model with a brooding expression, walking confidently on a stark white runway during a Rick Owens fashion show. He is wearing a dark forest green, oversized bomber jacket with a high collar, paired with matching wide-leg trousers cinched at the waist with a tonal belt. The outfit is completed with dark green, minimalist sneakers. The lighting is bright and diffused, highlighting the texture of the fabrics. The background features a blurred audience of fashion enthusiasts and industry professionals, creating a sense of exclusivity and high fashion. The overall aesthetic is modern gothic, emphasizing comfort and understated elegance. ",2025-04-05 18:36:57,Immagini Generate\immagine_adv_87.jpg
88,4,"Full-body portrait of a man in his early thirties, dressed in a dark, avant-garde military-inspired jacket with fur collar, paired with slim-fit dark trousers and high black leather riding boots, holding a large black leather duffel bag. The style is a blend of gothic and modern, reflecting a Rick Owens aesthetic. The lighting is soft and diffused, creating a moody atmosphere. The background is a minimalist studio setting in dark gray tones. The image is styled as a high-fashion editorial, emphasizing the comfort and versatility of the outfit. Standing pose.",2025-04-05 18:37:30,Immagini Generate\immagine_adv_88.jpg
89,1,"A full-body portrait of a young Italian man, around 28 years old, standing confidently in a modern, minimalist studio. He is wearing a crisp white dress shirt with delicate ruffled detailing down the front, paired with a sleek, black velvet vest buttoned halfway. The shirt's sleeves are long, with subtle ruffles at the cuffs. His trousers are wide-legged and dark, cinched with a black leather belt featuring a distinctive buckle. The lighting is soft and diffused, highlighting the textures of the fabrics and creating a sophisticated, slightly edgy atmosphere. The background is a seamless, light gray, ensuring the focus remains on the clothing and the model's confident pose. The image is styled as a high-fashion editorial, reminiscent of Yves Saint Laurent's bold elegance and Junya Watanabe's avant-garde approach. ",2025-04-05 18:40:00,Immagini Generate\immagine_adv_89.jpg
90,2,"A full-body portrait of a male model in a standing pose, showcasing a modern, oversized brown corduroy shirt jacket with a large patch pocket, worn over a textured olive green button-down shirt and matching trousers. The model is accessorized with a loosely draped blue knitted scarf. The image is styled as a high-fashion editorial, with a focus on texture and layering. Shot with soft, diffused lighting to highlight the fabric details, against a minimalist, mottled gray backdrop. The color palette emphasizes earthy tones with a pop of blue, in a post-modern aesthetic. ",2025-04-05 18:40:52,Immagini Generate\immagine_adv_90.jpg
91,3,"Full-body portrait of a male model on a stark white runway, showcasing a postmodern, monochromatic forest green ensemble. The model wears a relaxed-fit, suede-like bomber jacket over a matching collared shirt, paired with wide-leg, high-waisted trousers cinched with a tonal belt. The look is completed with chunky, matte green shoes. Soft, diffused lighting emphasizes the textures of the fabrics, with a shallow depth of field blurring the audience in the background. The composition is clean and minimalist, reflecting a blend of comfort and avant-garde style, reminiscent of Junya Watanabe's deconstructed tailoring. ",2025-04-05 18:41:44,Immagini Generate\immagine_adv_91.jpg
92,4,"Full-body portrait of a 28-year-old Italian man, styled as a PR manager with a postmodern edge, wearing a black military-inspired jacket with fur collar, paired with bordeaux tailored trousers and black riding boots, holding a black leather duffel bag; standing pose, studio lighting, neutral background, high fashion editorial style, Yves Saint Laurent and Junya Watanabe influence, rock and pop music vibe, original and comfortable aesthetic. ",2025-04-05 18:42:10,Immagini Generate\immagine_adv_92.jpg
93,1,"A full-body portrait of a young Italian man, exuding effortless cool in a high-fashion streetwear editorial. He stands confidently against a minimalist grey backdrop, bathed in soft, diffused light that highlights the textures of his outfit. He wears a crisp white ruffled dress shirt, partially unbuttoned at the top, paired with a sleek, tailored black vest. The look is grounded by dark, wide-leg pleated trousers cinched with a black leather belt featuring a subtle designer buckle. His dark, tousled hair and intense gaze add to the rebellious yet refined aesthetic. The overall color palette is muted, emphasizing blacks, whites, and subtle earth tones, creating a sophisticated and edgy vibe. The composition is clean and balanced, focusing on the model and his attire, capturing the essence of modern luxury streetwear.",2025-04-05 18:44:01,Immagini Generate\immagine_adv_93.jpg
94,2,"A full-body portrait of a young Italian man in a streetwear-inspired fashion editorial, standing confidently against a textured concrete wall. He wears a slightly oversized, light brown corduroy shirt-jacket with a relaxed fit, featuring a prominent chest pocket and snap closures. Underneath, a muted olive green button-down shirt with a subtle, abstract pattern adds depth. A loosely draped, bright blue knitted scarf provides a pop of color and unexpected contrast. The look is completed with matching olive green trousers, creating a cohesive and effortlessly cool ensemble. The lighting is soft and diffused, highlighting the textures of the fabrics and casting subtle shadows. The color palette is earthy and muted, with the blue scarf serving as a focal point. The composition is balanced, capturing the entire outfit and conveying a sense of urban sophistication. ",2025-04-05 18:44:52,Immagini Generate\immagine_adv_94.jpg
95,3,"Full-body portrait of a young Italian man, 22 years old, styled in a modern streetwear editorial. He wears a dark brown suede bomber jacket over a matching dark green jumpsuit, cinched at the waist with a woven belt. The wide-leg trousers pool slightly over dark brown suede sneakers. The lighting is soft and diffused, highlighting the textures of the fabrics. Shot on a runway during a fashion show, with a blurred background of spectators.",2025-04-05 18:45:19,Immagini Generate\immagine_adv_95.jpg
96,4,"Full-body portrait of a young Italian man, 22 years old, dressed in a modern military-inspired outfit: a tailored black wool jacket with silver button details and a subtle fur collar, paired with slim-fit brown trousers and sleek black leather riding boots. He holds a black leather duffel bag. Standing pose, confident and stylish. Studio lighting, neutral background, high-fashion editorial style. ",2025-04-05 18:45:51,Immagini Generate\immagine_adv_96.jpg
97,1,"A full-body portrait of a young Italian man in a dramatic, romantic fashion editorial, standing confidently against a soft, diffused grey background. He wears a crisp white dress shirt with elaborate ruffled detailing down the front, paired with a sleek, black velvet vest buttoned halfway. The shirt's sleeves are long, with subtle ruffles at the cuffs. Dark, tailored trousers with a slight pleat complete the look, cinched with a black leather belt featuring a distinctive buckle. The lighting is soft and flattering, emphasizing the textures of the velvet and ruffles, with a subtle chiaroscuro effect. The color palette is primarily black and white, with hints of red in the model's complexion, reminiscent of Yves Saint Laurent's elegant and seductive style. The overall mood is sophisticated and slightly rebellious, capturing the essence of modern romanticism. ",2025-04-05 18:48:10,Immagini Generate\immagine_adv_97.jpg
98,2,"A full-body portrait of a young Italian man with slicked-back dark hair, standing in a dimly lit, textured gray studio. He wears an open, oversized, light brown corduroy shirt-jacket with a large pocket on the chest, paired with a dark gray button-down shirt featuring a subtle, artistic pattern. A loosely draped, bright blue knitted scarf adds a pop of color. The outfit is completed with matching gray trousers. The lighting is soft and moody, enhancing the textures of the fabrics and creating a romantic, slightly melancholic atmosphere. The composition is balanced, focusing on the model and the unique details of the clothing, capturing a sense of effortless elegance and understated seduction. ",2025-04-05 18:49:06,Immagini Generate\immagine_adv_98.jpg
99,3,"Full-body portrait of a young male model, 23 years old, with a romantic gaze, walking confidently on a stark white runway. He is wearing a monochromatic dark red ensemble: a slightly oversized, suede bomber jacket with a high collar, paired with a matching tailored shirt and wide-leg trousers cinched at the waist with a tonal belt. The look is completed with dark red leather loafers. The lighting is soft and diffused, highlighting the texture of the fabrics. The background features a blurred fashion show audience, creating a sense of exclusivity and high fashion. The image is styled as a high-fashion editorial, reminiscent of Yves Saint Laurent's runway shows, with a touch of modern techno aesthetics. ",2025-04-05 18:49:42,Immagini Generate\immagine_adv_99.jpg
100,4,"Full-body portrait of a young Italian man, 23, with dark hair, wearing a tailored black military-style jacket with silver buttons and a subtle fur collar, paired with slim-fit burgundy trousers and high black leather riding boots. He holds a black leather duffel bag in his hand. Standing pose in a dimly lit, romantic setting reminiscent of a classic Yves Saint Laurent campaign, with soft, diffused lighting highlighting the textures of the fabrics. The background is a blurred, dark studio with a hint of red undertones, creating an atmosphere of understated elegance and seduction. Style: fashion editorial. ",2025-04-05 18:50:05,Immagini Generate\immagine_adv_100.jpg
101,5,"A full-body portrait of a woman standing confidently in a dramatic, black faux-leather gown. The dress features a strapless, architectural bodice with a subtle cutout at the midriff, flowing into a sleek, form-fitting skirt with draped detailing at the hem. She wears matching, opera-length gloves that add a touch of gothic elegance. The model stands on a stone floor, with a classical bas-relief sculpture in the background, bathed in soft, diffused sunlight. The image is styled as a high-fashion editorial, with a focus on bold silhouettes and luxurious textures. The color palette is monochromatic, emphasizing the depth and richness of the black tones. ",2025-04-05 18:54:57,Immagini Generate\immagine_adv_101.jpg
102,6,"A full-body portrait of a woman with an elegant and audacious style, standing confidently in a minimalist white studio. She wears a pinstripe grey oversized blazer and a matching skirt, paired with a draped dark brown top that reveals a hint of skin. Black sheer stockings and black pointed-toe heels complete the look. The lighting is soft and diffused, enhancing the textures of the fabrics. The image is styled as a high-fashion editorial, reminiscent of Gucci's bold and sophisticated aesthetic, with a touch of romanticism in the draping of the top. ",2025-04-05 18:55:40,Immagini Generate\immagine_adv_102.jpg
103,7,"A full-body portrait of a woman in a floor-length black silk slip dress with delicate spaghetti straps and a subtle V-neckline, the dress featuring a panel of intricate black lace at the mid-thigh, adding a touch of romantic allure, draped with a luxurious, oversized faux fur stole in deep black, adding a dramatic and opulent touch, she is wearing elegant black pointed-toe heels with a delicate ankle strap, and chic, oversized sunglasses, standing confidently on a runway, the lighting is soft and diffused, creating a moody and elegant atmosphere, the background is a deep, rich burgundy, reminiscent of a Renaissance painting, fashion editorial style. ",2025-04-05 18:56:43,Immagini Generate\immagine_adv_103.jpg
104,8,"Full-body portrait of a woman in a dimly lit, romantic setting, wearing a high-necked, burgundy patent leather jacket cinched at the waist with a matching belt, paired with sleek black flared trousers and a structured black leather handbag. The model stands confidently, the jacket's glossy texture catching the light, emphasizing its bold, elegant design. Soft, diffused lighting enhances the rich colors and creates a moody atmosphere, reminiscent of a high-fashion editorial. The background is a blurred, deep plum, adding depth and focusing attention on the outfit's striking silhouette.",2025-04-05 18:57:19,Immagini Generate\immagine_adv_104.jpg
105,1,"A full-body portrait of a young Italian man with dark hair, standing in a dimly lit studio. He is wearing a crisp white ruffled dress shirt, paired with a tailored black velvet vest buttoned halfway. The vest accentuates his slim waist, and a black leather belt with a subtle buckle cinches his high-waisted, wide-legged black trousers. The lighting is dramatic, casting long shadows and highlighting the textures of the fabrics. The background is a dark, textured wall, adding to the mysterious and original vibe. The image is styled as a high-fashion editorial, reminiscent of Yves Saint Laurent, with a touch of tribalism in the accessories.",2025-04-05 19:00:33,Immagini Generate\immagine_adv_105.jpg
106,2,"A full-body portrait of a male model standing in a dimly lit, industrial-chic setting, wearing a deconstructed, oversized brown linen overshirt with a raw, textured finish, paired with a semi-transparent, dark olive green button-down shirt featuring subtle tribal-inspired patterns, and matching wide-leg trousers. The model has a blue knitted scarf loosely draped around his neck. The lighting is soft and diffused, emphasizing the garment's texture and creating a mysterious, edgy atmosphere. The background is a weathered concrete wall with subtle, abstract patterns, enhancing the overall tribal and modern aesthetic. The image is styled as a high-fashion editorial, capturing a sense of originality and understated rebellion. ",2025-04-05 19:01:11,Immagini Generate\immagine_adv_106.jpg
107,3,"Full-body portrait of a male model, 26, with dark hair, wearing a dark forest green, oversized bomber jacket with a high collar, zipped halfway, over a matching dark green shirt and wide-leg trousers, cinched with a dark green woven belt, and dark green shoes. The model is standing on a stark white runway, with a crowd of blurred spectators in the background. The lighting is bright and diffused, creating a clean, modern aesthetic. The image is styled as a high-fashion editorial, with a focus on the garment's unique silhouette and color palette. The overall mood is mysterious and original, reflecting a blend of tribal and avant-garde influences. ",2025-04-05 19:01:39,Immagini Generate\immagine_adv_107.jpg
108,4,"Full-body portrait of a young Italian man, 26 years old, with short dark hair, wearing a dark brown military-style jacket with fur collar, silver buttons, and flap pockets, paired with dark brown tailored trousers and black leather riding boots. He is holding a large black leather duffel bag. Standing pose against a neutral grey background. Studio lighting, high contrast, desaturated colors, fashion editorial style. ",2025-04-05 19:02:07,Immagini Generate\immagine_adv_108.jpg
109,5,"A full-body portrait of a woman in a striking, avant-garde black leather gown, reminiscent of neo-classical sculpture, standing confidently in a sunlit courtyard. The strapless dress features a daring cut-out at the midriff and is paired with dramatic, elbow-length leather gloves. The gown's sleek, form-fitting silhouette flows into a subtly draped skirt, complemented by platform sandals. The lighting is soft and diffused, highlighting the texture of the leather and the architectural details of the stone courtyard. The background features a grand, classical building with intricate carvings, creating a timeless and elegant atmosphere. The image is styled as a high-fashion editorial, emphasizing originality and seductive elegance. ",2025-04-05 19:05:50,Immagini Generate\immagine_adv_109.jpg
110,6,"Full-body portrait of a woman with an elegant and severe look, wearing an oversized pinstripe gray suit with a matching knee-length skirt, paired with black tights and pointed-toe heels. Underneath the jacket, a draped dark brown top adds a touch of seductivity. The model is standing on a minimalist white runway with soft, diffused lighting, reminiscent of a neoclassical painting, fashion editorial style. ",2025-04-05 19:06:15,Immagini Generate\immagine_adv_110.jpg
111,7,"Full-body portrait of a woman in her early thirties, with an elegant and seductive black slip dress, featuring delicate spaghetti straps and a V-neckline, the dress has a subtle lace panel at the mid-thigh, adding a touch of originality, paired with a faux fur stole draped over her arms, black high heels, standing in a neoclassical-inspired setting, soft, diffused lighting, muted pink and black color palette, the background features a grand, minimalist hall with marble columns and a subtle, artistic backdrop, fashion editorial style. ",2025-04-05 19:07:04,Immagini Generate\immagine_adv_111.jpg
112,8,"A full-body portrait of a woman standing confidently on a runway, showcasing a high-fashion editorial style. She is wearing a striking, high-necked, burgundy patent leather jacket cinched at the waist with a matching belt, paired with sleek black flared trousers. The jacket features a structured silhouette with pronounced shoulders and a glossy finish. She carries a structured black leather handbag. The lighting is dramatic, with a spotlight emphasizing the texture and color of the jacket. The background is a gradient of deep burgundy and dark blue, creating a sophisticated and modern atmosphere. The overall aesthetic is elegant, bold, and subtly seductive, reminiscent of Yves Saint Laurent's iconic designs.",2025-04-05 19:07:27,Immagini Generate\immagine_adv_112.jpg
113,5,"A full-body portrait of a woman in a dramatic, avant-garde black leather gown with a strapless, cutout bodice and long, fitted gloves, standing confidently against a backdrop of ancient Roman architecture, bathed in soft, golden hour light, creating a high-fashion editorial style image with a touch of romanticism, the color palette is dominated by deep blacks with subtle hints of magenta and orange in the background, the composition emphasizes the gown's unique silhouette and the model's strong presence. ",2025-04-05 19:11:20,Immagini Generate\immagine_adv_113.jpg
114,6,"Full-body portrait of a sophisticated Italian woman in her mid-30s, standing confidently in a modern, minimalist gallery. She wears an oversized, pinstriped grey suit with sharp, structured shoulders, paired with a draped, deep magenta silk top that reveals a hint of décolletage. Black sheer stockings and pointed-toe heels complete the look. Soft, diffused lighting enhances the romantic mood, casting subtle shadows that highlight the luxurious fabrics. The background is a clean, white space with a hint of ambient light, emphasizing the bold silhouette and color contrast of the outfit. Fashion editorial style, reminiscent of Yves Saint Laurent. ",2025-04-05 19:11:54,Immagini Generate\immagine_adv_114.jpg
115,7,"Full-body portrait of a woman with an elegant and slightly disheveled hairstyle, wearing a long, figure-hugging black slip dress with delicate spaghetti straps and a V-neckline, the dress featuring a subtle lace panel at the mid-thigh level, paired with a dramatic, oversized faux fur stole in deep black, draped loosely over her shoulders, adding a touch of old Hollywood glamour, she is wearing black pointed-toe heels with delicate straps, and dark, oversized sunglasses, standing confidently on a dark blue runway, the background is a gradient of deep magenta and burgundy, creating a romantic and mysterious atmosphere, soft, diffused lighting enhances the textures of the fur and lace, fashion editorial style. ",2025-04-05 19:12:25,Immagini Generate\immagine_adv_115.jpg
116,8,"A full-body portrait of a woman standing confidently on a runway, showcasing a high-fashion, magenta-colored patent leather jacket with a dramatic, oversized collar and a cinched waist tied with a matching belt. The jacket is paired with sleek, black flared trousers and a structured black leather handbag. The lighting is dramatic, with a spotlight emphasizing the jacket's glossy texture and rich color. The background is a deep, gradient magenta, reminiscent of a romantic painting, creating a luxurious and seductive atmosphere. The style is reminiscent of Yves Saint Laurent, blending comfort and seductivity. ",2025-04-05 19:13:06,Immagini Generate\immagine_adv_116.jpg
117,5,"A full-body portrait of a woman in a dramatic, avant-garde black leather gown with a strapless, cutout bodice and long, fitted gloves, standing confidently against a backdrop of ancient Roman architecture, the scene bathed in soft, golden hour light, creating a romantic and timeless atmosphere, reminiscent of a high-fashion editorial. ",2025-04-05 19:18:15,Immagini Generate\immagine_adv_117.jpg
118,6,"A full-body portrait of a confident woman in a pinstripe grey skirt suit, the oversized blazer draped elegantly over a draped brown top, creating a sophisticated yet modern silhouette. She wears sheer black stockings and pointed black heels. The lighting is soft and diffused, highlighting the texture of the fabrics. The background is a minimalist white studio, ensuring the focus remains on the outfit. The style is high-fashion editorial, reminiscent of Yves Saint Laurent, with a touch of romanticism in the soft draping and muted color palette. ",2025-04-05 19:21:05,Immagini Generate\immagine_adv_118.jpg
119,7,"Full-body portrait of a woman in a sophisticated black silk slip dress with delicate spaghetti straps and a subtle V-neckline, the dress featuring a sheer lace panel that extends from mid-thigh to the floor, adding a touch of allure, complemented by a luxurious black faux fur stole draped casually over her arms, enhancing the dress's elegance, she wears sleek black heels, her hair is styled in a soft updo, accessorized with vintage-inspired sunglasses, standing confidently on a runway with a deep burgundy backdrop that fades into a soft blue floor, dramatic lighting highlighting the textures of the fabric and fur, fashion editorial style. ",2025-04-05 19:21:26,Immagini Generate\immagine_adv_119.jpg
120,8,"A full-body portrait of a woman standing confidently on a runway, showcasing a sophisticated, high-fashion ensemble. She wears a glossy, deep burgundy leather jacket with a high, structured collar and a cinched waist tied with a matching belt, creating an hourglass silhouette. The jacket is paired with sleek, black, slightly flared trousers that elongate her legs. She carries a structured black leather handbag with architectural lines. The lighting is dramatic, with a spotlight emphasizing the rich textures and colors of the outfit. The background is a gradient of deep greens and yellows, reminiscent of a romantic painting, providing a luxurious and elegant backdrop. The overall style is reminiscent of Yves Saint Laurent and Giorgio Armani, capturing a sense of security and timeless elegance. ",2025-04-05 19:22:02,Immagini Generate\immagine_adv_120.jpg
